Name,Age,Salary,Department
0,-1.6754156331667829,-1.7067500094371337,2
1,0.0,1.26151087654049,0
2,1.4659886790209335,0.0,1
3,0.209426954145847,0.6678586993449654,0
4,0.0,-0.2226195664483218,2
